,loss,accuracy
train,0.022964252158999443,0.9921015501022339
validation,0.16005674004554749,0.9638826251029968
test,0.170826256275177,0.9657039642333984
