,loss,accuracy
train,0.5132618546485901,0.8160789608955383
validation,0.5481238961219788,0.8205417394638062
test,0.5430604219436646,0.8131768703460693
