,loss,accuracy
train,0.02241048403084278,0.990973174571991
validation,0.21703168749809265,0.9514672756195068
test,0.15730668604373932,0.9530686140060425
