,loss,accuracy
train,0.14661896228790283,0.9407616257667542
validation,0.3272864520549774,0.8927765488624573
test,0.31018537282943726,0.8971118927001953
