,loss,accuracy
train,0.0010450446279719472,0.9997178912162781
validation,0.16777293384075165,0.9638826251029968
test,0.22850115597248077,0.9530686140060425
