,loss,accuracy
train,0.025784790515899658,0.9906911253929138
validation,0.15026888251304626,0.9593679308891296
test,0.1896720677614212,0.9638988971710205
