,loss,accuracy
train,0.013525374233722687,0.9954866170883179
validation,0.10331397503614426,0.9729119539260864
test,0.16606174409389496,0.9666064977645874
